step,agent,economic_cost,step_total_cost,voltage_cost,voltage_violation_area,voltage_min_pu,voltage_max_pu,pf_converged,pcc_p_kw,pcc_q_kvar,p_el,p_bat,soc,p_ht,h2_level,pending_h2_energy,h2_emergency_buy_energy,h2_planned_external_order_energy,h2_late_order_energy,external_min_eta,action_0,action_1,action_2,action_3,action_4,action_5,action_6
0,0,176454.05909347534,176454.05909347534,0.0,0.0,0.9596915179440527,1.0,True,601.56005859375,226.86941528320312,842.3455810546875,-314.12957763671875,0.4338674545288086,-0.0,200.0,0.0,0.0,0.0,0.0,0.0,-0.15765438973903656,-0.1570647954940796,0.06526751071214676,-0.24460721015930176,-0.18676628172397614,0.02774217538535595,0.1472155898809433
0,1,176454.05909347534,176454.05909347534,0.0,0.0,0.9596915179440527,1.0,True,1281.8470458984375,213.70530700683594,1522.652099609375,-127.85267639160156,0.4551393985748291,120.01889038085938,203.60092163085938,0.0,0.0,0.0,0.0,0.0,0.015101377852261066,-0.1065438985824585,-0.2510260045528412,0.17247198522090912,0.06000944599509239,0.20190317928791046,-0.14681974053382874
0,2,176454.05909347534,176454.05909347534,0.0,0.0,0.9596915179440527,1.0,True,-164.6778564453125,286.5322570800781,200.46702575683594,-0.0,0.5,-273.1848449707031,111.80363464355469,2703.099609375,301.2204895019531,2405.95263671875,0.0,0.0,-0.19813188910484314,-0.07855411618947983,0.26981550455093384,-0.11415603011846542,-0.08034848421812057,-0.1336219608783722,0.035143595188856125
0,3,176454.05909347534,176454.05909347534,0.0,0.0,0.9596915179440527,1.0,True,1121.290771484375,229.25405883789062,485.5289611816406,2.326523542404175,0.5011050701141357,-604.506103515625,101.86300659179688,2799.166748046875,0.0,2915.798583984375,0.0,0.0,0.2138223946094513,0.0029081543907523155,0.045924700796604156,-0.1783776581287384,-0.30452409386634827,-0.28226491808891296,0.1236901506781578
1,0,117279.92816543579,117279.92816543579,0.0,0.0,0.969201604705818,1.0,True,0.0,180.8182830810547,599.8260498046875,-548.2155151367188,0.31845366954803467,-0.0,200.0,0.0,0.0,0.0,0.0,0.0,-0.40017396211624146,-0.3728480041027069,0.1712445765733719,-0.46613067388534546,-0.4250732958316803,0.07088498771190643,0.3013065457344055
1,1,117279.92816543579,117279.92816543579,0.0,0.0,0.969201604705818,1.0,True,839.0269165039062,172.29959106445312,1342.9073486328125,-228.7794952392578,0.37486588954925537,221.36734008789062,210.2425994873047,0.0,0.0,0.0,0.0,0.0,-0.10472846031188965,-0.1906495839357376,-0.4675390124320984,0.2792991101741791,0.11068367213010788,0.4459514021873474,-0.2687295377254486
1,2,117279.92816543579,117279.92816543579,0.0,0.0,0.969201604705818,1.0,True,-362.47015380859375,249.62069702148438,128.46302795410156,-0.0,0.5,-508.43524169921875,96.5490493774414,4820.5322265625,0.0,1929.5001220703125,0.0,0.0,-0.4861479103565216,-0.16303430497646332,0.572715163230896,-0.3709300458431244,-0.1873251497745514,-0.32133573293685913,0.1119050607085228
1,3,117279.92816543579,117279.92816543579,0.0,0.0,0.969201604705818,1.0,True,1039.6385498046875,179.71585083007812,472.9494934082031,81.4843978881836,0.5398101806640625,-436.0727233886719,88.7795181274414,4734.822265625,0.0,2016.3077392578125,0.0,0.0,0.1823737621307373,0.10185550153255463,-0.02608153410255909,-0.356385201215744,-0.6417286396026611,-0.5036780834197998,0.2412363588809967
2,0,68365.13739013672,68365.13739013672,0.0,0.0,0.971498883155246,1.0,True,0.0,156.867919921875,354.8341369628906,-218.86016845703125,0.2723778486251831,-0.0,200.0,0.0,0.0,0.0,0.0,0.0,-0.6451658606529236,-0.6493830680847168,0.34222033619880676,-0.6797932386398315,-0.6977213025093079,0.13501892983913422,0.46881115436553955
2,1,68365.13739013672,68365.13739013672,0.0,0.0,0.971498883155246,1.0,True,585.6666259765625,154.0568389892578,1099.794189453125,-292.3053894042969,0.2723025977611542,331.01446533203125,220.1740264892578,0.0,0.0,0.0,0.0,0.0,-0.26680389046669006,-0.24358782172203064,-0.6453913450241089,0.3416540026664734,0.1655072271823883,0.6696208119392395,-0.4027794897556305
2,2,68365.13739013672,68365.13739013672,0.0,0.0,0.971498883155246,1.0,True,-488.29473876953125,218.43177795410156,61.553836822509766,-0.0,0.5,-477.20867919921875,82.23135375976562,6069.46630859375,7.62939453125e-06,1300.972900390625,0.0,0.0,-0.7537846565246582,-0.3325496017932892,0.8336914777755737,-0.7478594779968262,-0.37081336975097656,-0.5997006297111511,0.21085000038146973
2,3,68365.13739013672,68365.13739013672,0.0,0.0,0.971498883155246,1.0,True,1106.099853515625,164.14370727539062,419.293212890625,247.11155700683594,0.6571881771087646,-380.353759765625,77.36776733398438,5800.38671875,0.0,991.723388671875,0.0,0.0,0.0482330396771431,0.3088894486427307,-0.052108969539403915,-0.6027450561523438,-0.8823031187057495,-0.7267783880233765,0.3161006569862366
3,0,88686.29570007324,88686.29570007324,0.0,0.0,0.9748635311161412,1.0,True,0.0,153.56712341308594,171.66209411621094,-11.36871337890625,0.2699844241142273,-9.140472412109375,199.7257537841797,973.2156982421875,0.0,1013.766357421875,0.0,0.0,-0.8283379077911377,-0.8358631134033203,0.5363787412643433,-0.8360127210617065,-0.8639989495277405,0.21651963889598846,0.6159541010856628
3,1,88686.29570007324,88686.29570007324,0.0,0.0,0.9748635311161412,1.0,True,220.12692260742188,148.1895294189453,682.4856567382812,-314.8024597167969,0.1618455946445465,444.65496826171875,233.5150146484375,1161.7852783203125,99.77253723144531,1200.19140625,0.0,0.0,-0.5450095534324646,-0.2623353898525238,-0.7524991631507874,0.36647650599479675,0.22232748568058014,0.8002869486808777,-0.547421932220459
3,2,88686.29570007324,88686.29570007324,0.0,0.0,0.9748635311161412,1.0,True,-614.319580078125,208.57473754882812,28.480693817138672,-0.0,0.5,-489.44775390625,67.54645538330078,6069.46630859375,0.0,0.0,0.0,0.0,-0.8860772252082825,-0.5121878981590271,0.9343794584274292,-0.9322100877761841,-0.5945841073989868,-0.8204538226127625,0.34525078535079956
3,3,88686.29570007324,88686.29570007324,0.0,0.0,0.9748635311161412,1.0,True,1095.114013671875,150.0209503173828,297.01904296875,405.0987854003906,0.8496100902557373,-426.8231201171875,64.5617904663086,6311.7080078125,0.0,532.626220703125,0.0,0.0,-0.25745242834091187,0.5063734650611877,0.04467228055000305,-0.7698361277580261,-0.9586322903633118,-0.8688920140266418,0.40076354146003723
4,0,113238.05164718628,113238.05164718628,0.0,0.0,0.9792602303934801,1.0,True,-121.5218505859375,151.82786560058594,90.39425659179688,-0.0,0.2699844241142273,-57.937217712402344,197.98745727539062,2124.696533203125,0.0,1209.5386962890625,0.0,0.0,-0.9096057415008545,-0.9294823408126831,0.7319248914718628,-0.9036611318588257,-0.9193469882011414,0.4514462351799011,0.7141625285148621
4,1,113238.05164718628,113238.05164718628,0.0,0.0,0.9792602303934801,1.0,True,149.27328491210938,147.81515502929688,379.4102783203125,-176.25994873046875,0.10000000149011612,478.92218017578125,247.8841094970703,2365.806640625,330.42938232421875,1243.8236083984375,0.0,0.0,-0.7470598220825195,-0.24892356991767883,-0.8150672912597656,0.5209187865257263,0.23946109414100647,0.8657354116439819,-0.7702586054801941
4,2,113238.05164718628,113238.05164718628,0.0,0.0,0.9792602303934801,1.0,True,-653.8846435546875,222.8451690673828,21.99985122680664,-0.0,0.5,-506.2683410644531,133.45797729492188,3725.120849609375,9.5367431640625e-06,373.7021789550781,0.0,0.16666666666666666,-0.9120005965232849,-0.678128182888031,0.9680801630020142,-0.9699838161468506,-0.7174378037452698,-0.8850147128105164,0.48422160744667053
4,3,113238.05164718628,113238.05164718628,0.0,0.0,0.9792602303934801,1.0,True,706.9427490234375,159.15882873535156,178.81982421875,106.08402252197266,0.8999999761581421,-536.5692138671875,132.44650268554688,3783.254638671875,3.0517578125e-05,281.9932556152344,0.0,0.0,-0.5529504418373108,0.7275633811950684,0.3437421917915344,-0.8729839324951172,-0.9753807187080383,-0.9305862784385681,0.568172037601471
5,0,122947.38461494446,122947.38461494446,0.0,0.0,0.9804070768652744,1.0,True,-153.3585205078125,165.09707641601562,64.4403076171875,-0.0,0.2699844241142273,-87.70774841308594,195.35595703125,3467.674072265625,0.0,1410.690673828125,0.0,0.0,-0.9355596899986267,-0.9570081233978271,0.8258808255195618,-0.9368764758110046,-0.9335625767707825,0.6928287744522095,0.7884655594825745
5,1,122947.38461494446,122947.38461494446,0.0,0.0,0.9804070768652744,1.0,True,189.38919067382812,159.55010986328125,182.54058837890625,-4.246830940246582e-06,0.10000000149011612,500.26190185546875,262.8934631347656,3582.9267578125,493.7476501464844,1257.3555908203125,0.0,0.0,-0.8783062696456909,-0.1586766391992569,-0.8362293839454651,0.6723000407218933,0.25013095140457153,0.8860334157943726,-0.8929120302200317
5,2,122947.38461494446,122947.38461494446,0.0,0.0,0.9804070768652744,1.0,True,-744.282958984375,254.2952423095703,20.290882110595703,-0.0,0.5,-618.5157470703125,178.4299774169922,1853.1693115234375,3.0517578125e-05,255.7095489501953,0.0,0.16666666666666666,-0.9188364744186401,-0.733703076839447,0.9784388542175293,-0.9784491658210754,-0.783355176448822,-0.9213201403617859,0.6650767922401428
5,3,122947.38461494446,122947.38461494446,0.0,0.0,0.9804070768652744,1.0,True,599.52490234375,178.87864685058594,114.3808822631836,5.019338641432114e-05,0.8999999761581421,-645.9003295898438,171.14303588867188,2023.84912109375,2.288818359375e-05,183.59396362304688,0.0,0.0,-0.7140477895736694,0.8452894687652588,0.6598358750343323,-0.9100105166435242,-0.9800049066543579,-0.9548076391220093,0.7090741395950317
6,0,77784.94260376692,77784.94260376692,0.0,0.0,0.9746431932475007,1.0,True,-1.1855335235595703,236.19232177734375,57.5591926574707,-0.0,0.2699844241142273,-151.47216796875,190.81134033203125,3467.674072265625,0.0,0.0,0.0,0.0,-0.9424408078193665,-0.965326189994812,0.8607267737388611,-0.9537839293479919,-0.9328123331069946,0.8557525873184204,0.8390985727310181
6,1,77784.94260376692,77784.94260376692,0.0,0.0,0.9746431932475007,1.0,True,345.6344909667969,213.94166564941406,91.71822357177734,54.363914489746094,0.11721523851156235,491.0420227050781,312.4832458496094,3628.65478515625,590.115234375,1257.8265380859375,0.0,0.16666666666666666,-0.9388545155525208,0.045303262770175934,-0.8449602127075195,0.7940391302108765,0.24552100896835327,0.8867397308349609,-0.9434640407562256
6,2,77784.94260376692,77784.94260376692,0.0,0.0,0.9746431932475007,1.0,True,-584.48291015625,333.5241394042969,20.043254852294922,-0.0,0.5,-836.208740234375,190.81297302246094,604.2352294921875,0.0,0.0,0.0,0.16666666666666666,-0.9198269844055176,-0.7210080623626709,0.9800799489021301,-0.9805054068565369,-0.8268558382987976,-0.9451178908348083,0.8157235383987427
6,3,77784.94260376692,77784.94260376692,0.0,0.0,0.9746431932475007,1.0,True,813.3668823242188,254.55255126953125,89.2822265625,5.019338641432114e-05,0.8999999761581421,-971.1177978515625,173.97671508789062,1097.3841552734375,3.814697265625e-06,146.11276245117188,0.0,0.0,-0.77679443359375,0.8964804410934448,0.8438401818275452,-0.9161715507507324,-0.979399561882019,-0.9640337824821472,0.7987201809883118
7,0,128002.6618347168,128002.6618347168,0.0,0.0,0.9663750712040777,1.0,True,-53.539947509765625,356.5680847167969,58.837711334228516,-0.0,0.2699844241142273,-225.4173583984375,213.24752807617188,4019.9169921875,3.814697265625e-06,1602.37255859375,0.0,0.0,-0.9411622881889343,-0.9689499139785767,0.8738106489181519,-0.9581707119941711,-0.9278401136398315,0.9228470921516418,0.8559167385101318
7,1,128002.6618347168,128002.6618347168,0.0,0.0,0.9663750712040777,1.0,True,969.6353149414062,288.8666076660156,62.18621063232422,436.2995300292969,0.25537675619125366,446.1593017578125,361.99359130859375,3608.574951171875,620.3692016601562,1254.1749267578125,0.0,0.16666666666666666,-0.95854252576828,0.36358293890953064,-0.8451194167137146,0.8856654167175293,0.223079651594162,0.8812623620033264,-0.9646077156066895
7,2,128002.6618347168,128002.6618347168,0.0,0.0,0.9663750712040777,1.0,True,-418.0842590332031,398.201171875,21.798908233642578,-0.0,0.5,-967.5869140625,161.78245544433594,730.8346557617188,0.0,134.1095428466797,0.0,0.0,-0.912804365158081,-0.6947287321090698,0.977842390537262,-0.9787178635597229,-0.8597788214683533,-0.9587355256080627,0.881488025188446
7,3,128002.6618347168,128002.6618347168,0.0,0.0,0.9663750712040777,1.0,True,1095.78515625,356.61566162109375,84.63999938964844,5.019338641432114e-05,0.8999999761581421,-1378.4349365234375,147.96070861816406,586.0631103515625,0.0,0.0,0.0,0.0,-0.7883999943733215,0.9229503273963928,0.9201820492744446,-0.9083596467971802,-0.9754754304885864,-0.9679228663444519,0.8460842967033386
8,0,131469.88744354248,131469.88744354248,0.0,0.0,0.9627550209965032,1.0,True,-884.60205078125,483.60577392578125,56.16396713256836,-0.0,0.2699844241142273,-339.2574157714844,203.06878662109375,5577.66845703125,1.1444091796875e-05,1622.65771484375,0.0,0.0,-0.9438360333442688,-0.9702496528625488,0.8741990327835083,-0.9567028880119324,-0.922278642654419,0.9471891522407532,0.8522364497184753
8,1,131469.88744354248,131469.88744354248,0.0,0.0,0.9627550209965032,1.0,True,1424.182861328125,396.3501892089844,18.664955139160156,742.7605590820312,0.49058425426483154,383.2558288574219,410.0096740722656,3557.348876953125,682.010498046875,1245.613525390625,0.0,0.16666666666666666,-0.9875566959381104,0.6189671158790588,-0.855103075504303,0.925420880317688,0.19162791967391968,0.8684202432632446,-0.9730909466743469
8,2,131469.88744354248,131469.88744354248,0.0,0.0,0.9627550209965032,1.0,True,5.340576171875e-05,580.9880981445312,23.46898651123047,-128.6824951171875,0.4661361873149872,-1512.1943359375,127.17578887939453,479.0855407714844,2.86102294921875e-05,114.32154846191406,0.0,0.0,-0.9061240553855896,-0.6565398573875427,0.9726893901824951,-0.9749993681907654,-0.8867354393005371,-0.9648241400718689,0.9151009917259216
8,3,131469.88744354248,131469.88744354248,0.0,0.0,0.9627550209965032,1.0,True,1246.2110595703125,454.53009033203125,83.81199645996094,5.019338641432114e-05,0.8999999761581421,-1721.6038818359375,104.42964172363281,315.34954833984375,0.0,0.0,0.0,0.0,-0.7904700040817261,0.8409984111785889,0.9475142955780029,-0.904792845249176,-0.9706825613975525,-0.9705511331558228,0.8641521334648132
9,0,80500.03465957641,80500.03465957641,0.0,0.0,0.9690921392226037,1.0,True,-2058.480712890625,552.02001953125,53.491355895996094,-0.0,0.2699844241142273,-398.9407043457031,225.64724731445312,4426.1875,0.0,0.0,0.0,0.16666666666666666,-0.9465086460113525,-0.9700310230255127,0.873693585395813,-0.9549833536148071,-0.910659670829773,0.959251344203949,0.8275806307792664
9,1,80500.03465957641,80500.03465957641,0.0,0.0,0.9690921392226037,1.0,True,1465.60205078125,462.0061340332031,0.0,827.109130859375,0.7525021433830261,285.4260559082031,418.57330322265625,4723.69384765625,663.8547973632812,1235.53515625,0.0,0.3333333333333333,-1.0,0.6892576217651367,-0.8666390180587769,0.9441430568695068,0.1427130252122879,0.8533025979995728,-0.9763455986976624
9,2,80500.03465957641,80500.03465957641,0.0,0.0,0.9690921392226037,1.0,True,-4.57763671875e-05,622.4152221679688,25.213823318481445,-182.3502197265625,0.41814929246902466,-1626.71240234375,85.73471069335938,328.0212097167969,9.5367431640625e-07,100.01781463623047,0.0,0.0,-0.89914470911026,-0.6045752763748169,0.9663324952125549,-0.9677613377571106,-0.9102226495742798,-0.969225287437439,0.9334529042243958
9,3,80500.03465957641,80500.03465957641,0.0,0.0,0.9690921392226037,1.0,True,1266.468017578125,519.0410766601562,90.53073120117188,5.019338641432114e-05,0.8999999761581421,-2041.34521484375,48.471195220947266,139.09934997558594,0.0,0.0,0.0,0.0,-0.7736731767654419,0.7458688616752625,0.958189845085144,-0.9039522409439087,-0.9670262932777405,-0.9720334410667419,0.8722451329231262
10,0,178053.6243133545,178053.6243133545,0.0,0.0,0.9787939987941103,1.0,True,-2933.31591796875,536.1093139648438,55.110694885253906,-0.0,0.2699844241142273,-378.4389953613281,254.58628845214844,4625.47509765625,0.0,1633.755615234375,0.0,0.3333333333333333,-0.9448893070220947,-0.9710676670074463,0.8764508962631226,-0.9533719420433044,-0.9037588834762573,0.9605067372322083,0.7841663956642151
10,1,178053.6243133545,178053.6243133545,0.0,0.0,0.9787939987941103,1.0,True,1024.0107421875,477.8472595214844,32.2185173034668,465.78271484375,0.8999999761581421,0.0,454.8023376464844,4698.48046875,337.47064208984375,1231.5623779296875,0.0,0.16666666666666666,-0.9785209894180298,0.8964554071426392,-0.8650215268135071,0.950639009475708,0.1290910691022873,0.8473435044288635,-0.9745896458625793
10,2,178053.6243133545,178053.6243133545,0.0,0.0,0.9787939987941103,1.0,True,-194.106689453125,564.1865844726562,28.482378005981445,-0.0,0.41814929246902466,-1384.574462890625,44.193321228027344,421.4386291503906,4.9591064453125e-05,98.1275405883789,0.0,0.0,-0.8860704898834229,-0.572479784488678,0.9593778252601624,-0.9582845568656921,-0.9270216226577759,-0.9698069095611572,0.9376657605171204
10,3,178053.6243133545,178053.6243133545,0.0,0.0,0.9787939987941103,1.0,True,1276.8968505859375,551.6415405273438,117.775390625,5.019338641432114e-05,0.8999999761581421,-1115.594970703125,15.0,254.17425537109375,1087.82470703125,120.87700653076172,0.0,0.16666666666666666,-0.7055615186691284,0.8975155353546143,0.9640082120895386,-0.8899000883102417,-0.9634986519813538,-0.9702456593513489,0.878776490688324
11,0,264492.77548217773,264492.77548217773,0.0,0.0,0.9860775410497281,1.0,True,-3393.21337890625,530.5404052734375,52.56795883178711,-0.0,0.2699844241142273,-381.8634338378906,243.12924194335938,6152.22509765625,7.62939453125e-06,1631.1431884765625,0.0,0.16666666666666666,-0.9474320411682129,-0.9707760214805603,0.8695725798606873,-0.949163019657135,-0.9040005207061768,0.957371711730957,0.7467412352561951
11,1,264492.77548217773,264492.77548217773,0.0,0.0,0.9860775410497281,1.0,True,524.4502563476562,495.2212829589844,49.43892288208008,7.52900741645135e-05,0.8999999761581421,0.0,454.8023376464844,5906.228515625,337.6763916015625,1247.6737060546875,0.0,0.0,-0.9670407176017761,0.9542867541313171,-0.8769592046737671,0.9515944719314575,0.12731650471687317,0.8715105056762695,-0.9691541790962219
11,2,264492.77548217773,264492.77548217773,0.0,0.0,0.9860775410497281,1.0,True,-529.8884887695312,522.5765380859375,30.758262634277344,-0.0,0.41814929246902466,-973.0133666992188,15.000000953674316,516.5914916992188,332.23992919921875,100.79751586914062,0.0,0.0,-0.8769669532775879,-0.4973536431789398,0.9554115533828735,-0.942642331123352,-0.931785523891449,-0.968985378742218,0.9521144032478333
11,3,264492.77548217773,264492.77548217773,0.0,0.0,0.9860775410497281,1.0,True,1401.3211669921875,586.122314453125,177.97854614257812,5.019338641432114e-05,0.8999999761581421,-0.0,19.173397064208984,217.65927124023438,2208.986328125,107.75668334960938,0.0,0.16666666666666666,-0.5550536513328552,0.9151003956794739,0.9652290940284729,-0.8816241025924683,-0.9623635411262512,-0.9734752774238586,0.8823456764221191
12,0,286138.21405029297,286138.21405029297,0.0,0.0,0.9902436350216481,1.0,True,-3354.87451171875,515.4063720703125,56.47700881958008,-0.0,0.2699844241142273,-358.1095275878906,324.89044189453125,4596.49609375,0.0,1631.923583984375,0.0,0.16666666666666666,-0.9435229897499084,-0.9683815240859985,0.8507579565048218,-0.9401479959487915,-0.8965161442756653,0.9583082795143127,0.6813107132911682
12,1,286138.21405029297,286138.21405029297,0.0,0.0,0.9902436350216481,1.0,True,285.12811279296875,442.43194580078125,60.620872497558594,7.52900741645135e-05,0.8999999761581421,0.0,454.8023376464844,7130.078125,301.8614501953125,1264.3072509765625,0.0,0.0,-0.9595860838890076,0.9682403802871704,-0.8760866522789001,0.9516409635543823,0.09001768380403519,0.8964607119560242,-0.9622917175292969
12,2,286138.21405029297,286138.21405029297,0.0,0.0,0.9902436350216481,1.0,True,-799.9130859375,466.7904052734375,32.77806854248047,-0.0,0.41814929246902466,-3.178596671205014e-05,15.0,617.08642578125,1088.0037841796875,106.4565200805664,0.0,0.0,-0.868887722492218,-0.4327976405620575,0.9486334323883057,-0.9264139533042908,-0.9354997277259827,-0.9672441482543945,0.9593245983123779
12,3,286138.21405029297,286138.21405029297,0.0,0.0,0.9902436350216481,1.0,True,1337.2001953125,543.83544921875,251.93667602539062,5.019338641432114e-05,0.8999999761581421,-139.0993194580078,15.0,309.94769287109375,1850.770263671875,96.13378143310547,0.0,0.16666666666666666,-0.370158314704895,0.9171853065490723,0.9609010219573975,-0.8845043778419495,-0.9576601982116699,-0.9763363003730774,0.886529803276062
13,0,313647.3644619751,313647.3644619751,0.0,0.0,0.987290555095498,1.0,True,-3175.72509765625,504.48919677734375,56.25891876220703,-0.0,0.2699844241142273,-349.9962158203125,314.3894958496094,6122.748046875,1.52587890625e-05,1630.6109619140625,0.0,0.16666666666666666,-0.9437410831451416,-0.9691433906555176,0.8437332510948181,-0.9318605661392212,-0.8937304019927979,0.956732988357544,0.6101487278938293
13,1,313647.3644619751,313647.3644619751,0.0,0.0,0.987290555095498,1.0,True,243.1019287109375,404.6319885253906,71.54309844970703,7.52900741645135e-05,0.8999999761581421,0.0,475.0,7180.322265625,272.2145080566406,1274.9844970703125,0.0,0.0,-0.9523046016693115,0.9743198156356812,-0.8738112449645996,0.9512255191802979,0.07476669549942017,0.9124767184257507,-0.957040011882782
13,2,313647.3644619751,313647.3644619751,0.0,0.0,0.987290555095498,1.0,True,-778.2516479492188,523.195556640625,33.40314483642578,-0.0,0.41814929246902466,-0.0,18.798362731933594,599.8621826171875,1318.108642578125,115.86351776123047,0.0,0.0,-0.8663874268531799,-0.3947807252407074,0.9433635473251343,-0.9177840352058411,-0.9345088005065918,-0.9643496870994568,0.9631456136703491
13,3,313647.3644619751,313647.3644619751,0.0,0.0,0.987290555095498,1.0,True,1571.8023681640625,579.1185913085938,341.90875244140625,5.019338641432114e-05,0.8999999761581421,-0.0,15.0,394.2100524902344,2125.83935546875,87.77327728271484,0.0,0.16666666666666666,-0.14522811770439148,0.9217619895935059,0.9531112313270569,-0.8890171051025391,-0.9527347683906555,-0.9783942699432373,0.8880199790000916
14,0,293778.1018045654,293778.1018045654,0.0,0.0,0.9782700800628064,1.0,True,-2316.08251953125,493.7109069824219,57.1207389831543,-0.0,0.2699844241142273,-340.4421081542969,304.1752014160156,7650.3759765625,1.1444091796875e-05,1632.0811767578125,1632.0811767578125,0.16666666666666666,-0.9428792595863342,-0.9682497978210449,0.8282361626625061,-0.919026792049408,-0.8920823335647583,0.9584972858428955,0.5394408702850342
14,1,293778.1018045654,293778.1018045654,0.0,0.0,0.9782700800628064,1.0,True,528.1574096679688,424.9265441894531,79.74386596679688,7.52900741645135e-05,0.8999999761581421,0.0,475.0,6031.76025390625,266.0794677734375,1282.5269775390625,1282.5269775390625,0.0,-0.9468374252319336,0.9766493439674377,-0.8713271021842957,0.9532137513160706,0.06475706398487091,0.9237905144691467,-0.9534294605255127
14,2,293778.1018045654,293778.1018045654,0.0,0.0,0.9782700800628064,1.0,True,-630.7601928710938,583.952880859375,33.89012908935547,-0.0,0.41814929246902466,-126.59942626953125,15.0,718.647705078125,1332.2532958984375,125.83209228515625,125.83209228515625,0.0,-0.8644394874572754,-0.37007826566696167,0.9359959363937378,-0.913716733455658,-0.9308545589447021,-0.9612824320793152,0.966324508190155
14,3,293778.1018045654,293778.1018045654,0.0,0.0,0.9782700800628064,1.0,True,1680.23779296875,529.2476196289062,439.34942626953125,5.019338641432114e-05,0.8999999761581421,-0.0,15.0,470.06298828125,1860.552490234375,79.01348114013672,79.01348114013672,0.16666666666666666,0.09837359935045242,0.9291365146636963,0.9435482025146484,-0.8905959129333496,-0.9457379579544067,-0.9805505275726318,0.8938222527503967
15,0,295297.5019595642,295297.5019595642,0.0,0.0,0.961487340292422,1.0,True,-596.0667724609375,526.9182739257812,54.055213928222656,-0.0,0.2699844241142273,-365.2090148925781,293.21783447265625,9181.9482421875,3.814697265625e-06,1636.294677734375,1636.294677734375,0.16666666666666666,-0.9459447860717773,-0.9646204113960266,0.8120675683021545,-0.9035882353782654,-0.8903279900550842,0.9635535478591919,0.49110251665115356
15,1,295297.5019595642,295297.5019595642,0.0,0.0,0.961487340292422,1.0,True,853.2139892578125,456.9422302246094,78.41706085205078,7.52900741645135e-05,0.8999999761581421,0.0,475.0,3720.83740234375,302.1607971191406,1286.328857421875,1286.328857421875,0.0,-0.9477219581604004,0.977901041507721,-0.8883354067802429,0.9513217806816101,0.0249493345618248,0.9294931888580322,-0.9563978314399719
15,2,295297.5019595642,295297.5019595642,0.0,0.0,0.961487340292422,1.0,True,-528.6110229492188,556.4776000976562,32.78055953979492,-0.0,0.41814929246902466,-0.0,23.84606170654297,550.1509399414062,1443.478515625,133.83737182617188,133.83737182617188,0.0,-0.8688777685165405,-0.3502507507801056,0.9248918294906616,-0.914349377155304,-0.9213938117027283,-0.9588192701339722,0.9731093049049377
15,3,295297.5019595642,295297.5019595642,0.0,0.0,0.961487340292422,1.0,True,2029.830322265625,547.8587646484375,548.2002563476562,5.019338641432114e-05,0.8999999761581421,-0.0,18.452592849731445,418.34515380859375,1774.7001953125,66.55154418945312,66.55154418945312,0.3333333333333333,0.37050068378448486,0.9361431002616882,0.9277746081352234,-0.9047343730926514,-0.9349578022956848,-0.9836180806159973,0.8936312198638916
16,0,261347.40592871094,261347.40592871094,0.0,0.0,0.9569525273911199,1.0,True,1.52587890625e-05,539.7723999023438,56.44398880004883,-720.4035034179688,0.118320532143116,-376.9096984863281,328.1820068359375,9189.068359375,1.1444091796875e-05,1641.2984619140625,1641.2984619140625,0.3333333333333333,-0.943556010723114,-0.9625213742256165,0.8130633234977722,-0.8861570358276367,-0.8803959488868713,0.96955806016922,0.45077234506607056
16,1,261347.40592871094,261347.40592871094,0.0,0.0,0.9569525273911199,1.0,True,972.0029907226562,437.5987243652344,32.919376373291016,7.52900741645135e-05,0.8999999761581421,-37.101173400878906,475.0,3702.889404296875,280.6953430175781,1277.5599365234375,1277.5599365234375,0.16666666666666666,-0.9780537486076355,0.7503591775894165,-0.8944597244262695,0.9541698098182678,-0.018550585955381393,0.9163397550582886,-0.9612815976142883
16,2,261347.40592871094,261347.40592871094,0.0,0.0,0.9569525273911199,1.0,True,-660.26904296875,514.185791015625,33.37409973144531,-0.0,0.41814929246902466,-294.8392333984375,15.0,687.4549560546875,989.8457641601562,144.22689819335938,144.22689819335938,0.0,-0.8665035963058472,-0.3921343684196472,0.9065531492233276,-0.9264938831329346,-0.9151319861412048,-0.9556224942207336,0.9751552939414978
16,3,261347.40592871094,261347.40592871094,0.0,0.0,0.9569525273911199,1.0,True,2164.09375,533.60009765625,591.224853515625,5.019338641432114e-05,0.8999999761581421,-115.07492065429688,20.846769332885742,282.9288330078125,1557.310302734375,62.983558654785156,62.983558654785156,0.16666666666666666,0.47806212306022644,0.7265056371688843,0.9076670408248901,-0.907595157623291,-0.914372444152832,-0.9844963550567627,0.9001039266586304
17,0,322246.5927909546,322246.5927909546,0.10429521908316819,0.10429521908316819,0.9420075464132801,1.0,True,1136.7301025390625,637.0216064453125,55.626808166503906,-87.02252960205078,0.10000000149011612,-454.53131103515625,314.5447082519531,10752.2841796875,1.52587890625e-05,1642.0330810546875,1642.0330810546875,0.16666666666666666,-0.9443731904029846,-0.9645294547080994,0.8202975392341614,-0.8659257292747498,-0.8864585161209106,0.9704396724700928,0.44914090633392334
17,1,322246.5927909546,322246.5927909546,0.10429521908316819,0.10429521908316819,0.9420075464132801,1.0,True,1126.1427001953125,485.16094970703125,1.3064146041870117,7.52900741645135e-05,0.8999999761581421,-29.89908790588379,475.0,3649.404052734375,323.01904296875,1269.2315673828125,1269.2315673828125,0.3333333333333333,-0.999129056930542,0.6250001192092896,-0.8968419432640076,0.9531663656234741,-0.014949544332921505,0.9038472771644592,-0.9661064743995667
17,2,322246.5927909546,322246.5927909546,0.10429521908316819,0.10429521908316819,0.9420075464132801,1.0,True,-316.978515625,663.5492553710938,34.59285354614258,-0.0,0.41814929246902466,-0.0,17.85487174987793,742.3038940429688,1739.6427001953125,160.25836181640625,160.25836181640625,0.0,-0.8616285920143127,-0.43618935346603394,0.889724612236023,-0.9365668892860413,-0.9093377590179443,-0.9506897330284119,0.9756327271461487
17,3,322246.5927909546,322246.5927909546,0.10429521908316819,0.10429521908316819,0.9420075464132801,1.0,True,2424.965576171875,610.7089233398438,606.1043090820312,5.019338641432114e-05,0.8999999761581421,-194.87281799316406,17.52812385559082,259.5874938964844,1756.400146484375,65.64762115478516,65.64762115478516,0.0,0.5152608156204224,0.6074584722518921,0.8918303847312927,-0.9015660881996155,-0.8905928134918213,-0.9838405847549438,0.9053764343261719
18,0,342922.4567780762,342922.4567780762,0.039875538768336494,0.039875538768336494,0.9453996846096921,1.0,True,1177.2777099609375,646.3250732421875,0.0,-7.078051567077637e-06,0.10000000149011612,-513.1134033203125,344.95684814453125,10801.755859375,0.0,1641.898681640625,1641.898681640625,0.0,-1.0,-0.9675652384757996,0.8047659397125244,-0.8450043797492981,-0.889485239982605,0.970278263092041,0.4766104519367218
18,1,342922.4567780762,342922.4567780762,0.039875538768336494,0.039875538768336494,0.9453996846096921,1.0,True,930.6433715820312,506.6265563964844,0.0,-276.0368347167969,0.8031449317932129,0.0,475.0,3579.0185546875,387.6036682128906,1265.9276123046875,1265.9276123046875,0.16666666666666666,-1.0,-0.23003068566322327,-0.8904653787612915,0.9482792019844055,0.051314983516931534,0.8988913893699646,-0.9628099799156189
18,2,342922.4567780762,342922.4567780762,0.039875538768336494,0.039875538768336494,0.9453996846096921,1.0,True,-279.908203125,727.9530029296875,37.5926513671875,-0.0,0.41814929246902466,-95.15287780761719,18.01515007019043,816.3934326171875,1734.7760009765625,186.52186584472656,186.52186584472656,0.0,-0.8496294021606445,-0.5024235844612122,0.8766213655471802,-0.9489457011222839,-0.9046549201011658,-0.942608654499054,0.9706006050109863
18,3,342922.4567780762,342922.4567780762,0.039875538768336494,0.039875538768336494,0.9453996846096921,1.0,True,2054.148681640625,607.1900024414062,551.8570556640625,-304.0,0.7399999499320984,-84.26236724853516,17.275815963745117,256.83502197265625,2003.989990234375,78.77206420898438,78.77206420898438,0.0,0.37964269518852234,-0.3799999952316284,0.8837906718254089,-0.8781487941741943,-0.8677870035171509,-0.9806099534034729,0.9109797477722168
19,0,350413.8905181885,350413.8905181885,0.013936349576157636,0.013936349576157636,0.9473367832886503,1.0,True,1119.1239013671875,637.525390625,0.0,-7.078051567077637e-06,0.10000000149011612,-482.18902587890625,376.3187255859375,10838.0205078125,0.0,1642.5892333984375,1642.5892333984375,0.0,-1.0,-0.9685996174812317,0.8024905323982239,-0.836861789226532,-0.892966091632843,0.971107006072998,0.5418636798858643
19,1,350413.8905181885,350413.8905181885,0.013936349576157636,0.013936349576157636,0.9473367832886503,1.0,True,878.9588623046875,512.0701293945312,0.0,-288.518798828125,0.7019102573394775,0.0,475.0,4764.76123046875,399.8174743652344,1266.8193359375,1266.8193359375,0.16666666666666666,-1.0,-0.24043232202529907,-0.8812161684036255,0.9307425618171692,0.19552892446517944,0.9002289175987244,-0.9682957530021667
19,2,350413.8905181885,350413.8905181885,0.013936349576157636,0.013936349576157636,0.9473367832886503,1.0,True,-304.1650390625,722.8905639648438,37.73769760131836,-0.0,0.41814929246902466,-100.49494934082031,18.281583786010742,896.337646484375,1738.521484375,202.2643280029297,202.2643280029297,0.16666666666666666,-0.8490492105484009,-0.5279961824417114,0.8746842741966248,-0.9561324119567871,-0.8979765176773071,-0.9377648234367371,0.9682979583740234
19,3,350413.8905181885,350413.8905181885,0.013936349576157636,0.013936349576157636,0.9473367832886503,1.0,True,1942.5062255859375,590.61474609375,487.5352478027344,-304.0,0.5799999237060547,-75.85294342041016,15.0,358.7507629394531,2028.7257080078125,108.88434600830078,108.88434600830078,0.0,0.21883809566497803,-0.3799999952316284,0.8634280562400818,-0.8694247007369995,-0.8643379807472229,-0.9731976985931396,0.9057958722114563
20,0,360217.397354126,360217.397354126,0.0,0.0,0.9500553510493389,1.0,True,944.936279296875,588.0187377929688,0.0,-7.078051567077637e-06,0.10000000149011612,-475.2477111816406,407.8520202636719,10863.712890625,0.0,1644.0084228515625,1644.0084228515625,0.0,-1.0,-0.9704703688621521,0.7922927141189575,-0.8274692296981812,-0.9004709720611572,0.9728100895881653,0.613682210445404
20,1,360217.397354126,360217.397354126,0.0,0.0,0.9500553510493389,1.0,True,770.618408203125,493.461181640625,0.0,-315.1396789550781,0.5913349390029907,0.0,475.0,5974.3271484375,394.2303771972656,1270.552490234375,1270.552490234375,0.16666666666666666,-1.0,-0.2626163959503174,-0.8644429445266724,0.9196551442146301,0.37179458141326904,0.9058287143707275,-0.9684710502624512
20,2,360217.397354126,360217.397354126,0.0,0.0,0.9500553510493389,1.0,True,-190.8388671875,756.2503662109375,36.06906509399414,-0.0,0.41814929246902466,-109.37519073486328,18.563920974731445,978.28759765625,1898.4686279296875,210.85655212402344,210.85655212402344,0.16666666666666666,-0.8557237386703491,-0.5635051131248474,0.8780116438865662,-0.9637637138366699,-0.8996078372001648,-0.9351210594177246,0.9610052108764648
20,3,360217.397354126,360217.397354126,0.0,0.0,0.9500553510493389,1.0,True,1761.7481689453125,563.2005004882812,385.8300476074219,-304.0,0.4199999272823334,-0.0,16.900901794433594,426.2138977050781,2023.3017578125,137.41616821289062,137.41616821289062,0.0,-0.035424888134002686,-0.3799999952316284,0.8395625948905945,-0.8814308047294617,-0.878956139087677,-0.9661744832992554,0.9005928039550781
21,0,310716.60277087404,310716.60277087404,0.0,0.0,0.9522271224872784,1.0,True,632.994384765625,493.6532897949219,0.0,-7.078051567077637e-06,0.10000000149011612,-373.8350524902344,442.4692687988281,10891.7099609375,0.0,1647.908203125,1647.908203125,0.0,-1.0,-0.9697131514549255,0.806348443031311,-0.8245995044708252,-0.9004040956497192,0.977489709854126,0.709691047668457
21,1,310716.60277087404,310716.60277087404,0.0,0.0,0.9522271224872784,1.0,True,1188.224853515625,427.8151550292969,0.0,325.94720458984375,0.6945515275001526,0.0,475.0,5981.90087890625,330.80010986328125,1274.8028564453125,1274.8028564453125,0.0,-1.0,0.2716226577758789,-0.8510561585426331,0.906231701374054,0.5051784515380859,0.9122042655944824,-0.9689263105392456
21,2,310716.60277087404,310716.60277087404,0.0,0.0,0.9522271224872784,1.0,True,-535.320556640625,619.3477172851562,31.603500366210938,-0.0,0.41814929246902466,-118.78548431396484,22.910184860229492,906.150146484375,1479.190673828125,199.48858642578125,199.48858642578125,0.16666666666666666,-0.8735859990119934,-0.5812825560569763,0.8812803626060486,-0.9702731966972351,-0.8972201943397522,-0.9386188983917236,0.9583207368850708
21,3,310716.60277087404,310716.60277087404,0.0,0.0,0.9522271224872784,1.0,True,1931.25439453125,488.081787109375,281.9718933105469,199.77381896972656,0.5148925185203552,-63.3570556640625,15.0,582.3313598632812,1752.6180419921875,162.62237548828125,162.62237548828125,0.0,-0.29507026076316833,0.24971726536750793,0.817206084728241,-0.9118587970733643,-0.8994056582450867,-0.9599698781967163,0.8963215947151184
22,0,238249.01116674804,238249.01116674804,0.0,0.0,0.9629594356736817,1.0,True,307.2135009765625,386.355224609375,41.84180450439453,-7.078051567077637e-06,0.10000000149011612,-272.06689453125,475.0,6243.48486328125,1.33514404296875e-05,1651.4395751953125,1651.4395751953125,0.0,-0.9581581950187683,-0.9708536267280579,0.8245334029197693,-0.8223062753677368,-0.8894992470741272,0.9817273020744324,0.7625121474266052
22,1,238249.01116674804,238249.01116674804,0.0,0.0,0.9629594356736817,1.0,True,1007.3533935546875,334.2379455566406,0.0,467.4972229003906,0.8425922989845276,0.0,475.0,7219.94921875,257.0876770019531,1278.975341796875,1278.975341796875,0.0,-1.0,0.38958102464675903,-0.8508254289627075,0.8979665637016296,0.6238700747489929,0.918462872505188,-0.9589666128158569
22,2,238249.01116674804,238249.01116674804,0.0,0.0,0.9629594356736817,1.0,True,-884.9730224609375,492.3745422363281,27.88664436340332,-0.0,0.41814929246902466,-263.6464538574219,15.0,1085.848876953125,933.4642333984375,187.18612670898438,187.18612670898438,0.16666666666666666,-0.8884534239768982,-0.5958027243614197,0.891660213470459,-0.975377082824707,-0.8973567485809326,-0.9424042701721191,0.9526841640472412
22,3,238249.01116674804,238249.01116674804,0.0,0.0,0.9629594356736817,1.0,True,1545.8616943359375,377.6498718261719,172.35708618164062,265.57415771484375,0.6410402655601501,-0.0,16.783872604370117,679.1773681640625,1359.8187255859375,162.8151092529297,162.8151092529297,0.0,-0.5691072940826416,0.33196768164634705,0.8462833166122437,-0.9262663722038269,-0.9233273863792419,-0.9599224328994751,0.9105263948440552
23,0,236886.81343460083,-97054.51654101885,0.0,0.0,0.9714230492629025,1.0,True,68.35521697998047,296.28717041015625,74.2313232421875,-7.078051567077637e-06,0.10000000149011612,-196.75460815429688,469.0967712402344,7831.123046875,3.814697265625e-06,1653.78955078125,1653.78955078125,0.0,-0.9257686734199524,-0.9759000539779663,0.855974555015564,-0.828497588634491,-0.8989964723587036,0.9845473170280457,0.8178467154502869
23,1,236886.81343460083,-97054.51654101885,0.0,0.0,0.9714230492629025,1.0,True,467.74658203125,261.2710876464844,0.676184892654419,181.2874755859375,0.8999999761581421,0.0,475.0,8461.8623046875,191.86309814453125,1282.968505859375,1282.968505859375,0.0,-0.9995492100715637,0.6783506870269775,-0.8502898812294006,0.8839288949966431,0.7168626189231873,0.9244528412818909,-0.9442792534828186
23,2,236886.81343460083,-97054.51654101885,0.0,0.0,0.9714230492629025,1.0,True,-1149.507080078125,394.71014404296875,24.489864349365234,-0.0,0.41814929246902466,-0.0,15.0,1244.7137451171875,989.0724487304688,165.48422241210938,165.48422241210938,0.0,-0.9020405411720276,-0.6010006070137024,0.9059339165687561,-0.979293942451477,-0.8946349024772644,-0.9490817785263062,0.951903223991394
23,3,236886.81343460083,-97054.51654101885,0.0,0.0,0.9714230492629025,1.0,True,1494.6583251953125,317.0715026855469,108.77108764648438,461.6400146484375,0.8603192567825317,-59.45647430419922,15.0,838.3651733398438,1125.866455078125,165.8206024169922,165.8206024169922,0.0,-0.7280722856521606,0.5770500302314758,0.880982518196106,-0.9392772316932678,-0.9388844966888428,-0.959182620048523,0.919660747051239
