day,split,cluster,stress_score,pv_energy,wind_energy,electric_load_energy,heat_load_energy,renewable_energy,renewable_to_electric_load,renewable_to_total_load,electric_net_energy,electric_net_peak,electric_net_min,electric_net_ramp_abs,residual_electric_demand_energy,electric_surplus_energy,pv_cv,wind_cv,electric_load_cv,heat_load_cv,pv_peak,wind_peak,electric_load_peak,heat_load_peak,pv_class,wind_class,load_class,heat_class,renewable_class,ramp_class,residual_class,surplus_class,scenario_labels
0,train,3,-0.13569715653905196,21619.970703125,92794.8984375,109063.484375,43349.55078125,114414.8671875,1.0490666774784125,0.7506895133359477,-5351.380859375,3885.040771484375,-3417.34814453125,14938.1494140625,21209.8984375,26561.279296875,1.5707905721344908,0.14654356228208373,0.4537999546713749,0.3884106003758728,4027.43505859375,4841.2431640625,7329.490234375,2786.633544921875,low,high,mid,mid,mid,low,mid,mid,pv_low|wind_high|load_mid|heat_mid|renewable_mid|ramp_low|residual_mid|surplus_mid
1,test,3,5.465435358543557,19714.109375,86428.2265625,134015.140625,44840.1171875,106142.3359375,0.7920174947583465,0.5934538197852287,27872.796875,5639.390625,-2317.20556640625,21224.96484375,40523.73046875,12650.9326171875,1.5489564826590234,0.10519972834555986,0.44703866811775395,0.3858605282509833,3483.3154296875,4339.2451171875,8792.677734375,2799.249755859375,low,high,high,high,low,high,high,low,pv_low|wind_high|load_high|heat_high|renewable_low|ramp_high|residual_high|surplus_low|high_net_ramp_day|high_residual_demand_day
2,train,3,4.13163806922854,18268.8203125,96162.015625,133176.859375,45038.70703125,114430.828125,0.8592395755690946,0.6420922169287392,18746.029296875,4463.2060546875,-2724.0654296875,19983.25,33805.98046875,15059.9501953125,1.559570399780772,0.08354427182994364,0.4260138692400266,0.39259184987100143,3310.18701171875,4684.7548828125,8517.015625,2793.994384765625,low,high,high,high,low,high,high,low,pv_low|wind_high|load_high|heat_high|renewable_low|ramp_high|residual_high|surplus_low|high_net_ramp_day|high_residual_demand_day
3,train,3,3.0630143168742174,22355.98046875,111916.8125,132322.453125,44313.41796875,134272.8125,1.0147394439034285,0.7601672959663687,-1950.34228515625,4197.28173828125,-2875.53759765625,20357.908203125,22499.0703125,24449.412109375,1.5589263032781502,0.10609594336791146,0.4227951414215922,0.38584979346635295,4047.796142578125,5347.001953125,8647.5234375,2811.634033203125,low,high,high,high,mid,high,mid,mid,pv_low|wind_high|load_high|heat_high|renewable_mid|ramp_high|residual_mid|surplus_mid|high_net_ramp_day
4,train,3,5.358616293985414,24123.005859375,82823.4765625,135600.78125,44227.48046875,106946.484375,0.7886863437595423,0.5947145535014039,28654.296875,5730.458984375,-1967.13818359375,21447.560546875,40797.03125,12142.73046875,1.5650372653244828,0.07883283015873342,0.42634205382127544,0.38673358153501547,4386.42919921875,4127.869140625,8919.830078125,2816.463623046875,low,mid,high,high,low,high,high,low,pv_low|wind_mid|load_high|heat_high|renewable_low|ramp_high|residual_high|surplus_low|high_net_ramp_day|high_residual_demand_day
5,train,3,-1.5061988980083376,23923.5,87826.2890625,95840.9296875,40471.296875,111749.78125,1.1659922500164865,0.8198074675184184,-15908.853515625,3310.87744140625,-3946.26953125,17000.326171875,16234.5283203125,32143.380859375,1.566307276854798,0.1437982399785369,0.37097720686047225,0.37424996293087576,4347.921875,4554.94140625,6675.67138671875,2835.0,low,high,mid,low,high,mid,low,mid,pv_low|wind_high|load_mid|heat_low|renewable_high|ramp_mid|residual_low|surplus_mid
6,train,1,-4.678911779549913,23845.71484375,63019.9609375,77723.0390625,40173.75,86865.671875,1.1176309228612131,0.7367942126816563,-9142.6357421875,2015.56982421875,-2892.30322265625,11286.1982421875,8632.619140625,17775.25390625,1.5532863531293022,0.26521569614842777,0.38929086984783795,0.3946013326840757,4298.087890625,3832.422607421875,5433.43798828125,2810.46044921875,low,low,low,low,high,low,low,mid,pv_low|wind_low|load_low|heat_low|renewable_high|ramp_low|residual_low|surplus_mid
7,test,0,-2.214951979016691,65779.0859375,58991.6171875,78523.84375,42128.7734375,124770.6953125,1.5889529772604898,1.0341316932943139,-46246.8515625,2444.179931640625,-6382.0478515625,18484.421875,6491.8125,52738.6640625,1.132904996813662,0.23292464510042352,0.40803467326607873,0.3695371957060554,7868.5556640625,3279.603515625,5368.37451171875,2811.68994140625,high,low,low,mid,high,high,low,high,pv_high|wind_low|load_low|heat_mid|renewable_high|ramp_high|residual_low|surplus_high|high_surplus_day
8,validation,0,-4.096175961581759,64290.05078125,87450.6640625,79430.859375,40769.8984375,151740.71875,1.9103497046861706,1.2623940273879044,-72309.8671875,816.4326171875,-7499.3046875,17837.376953125,1111.919921875,73421.78125,1.1232413479525918,0.22242066134928717,0.34988181322975875,0.3574792623397508,7530.0126953125,4962.849609375,5362.552734375,2816.55712890625,high,high,low,low,high,mid,low,high,pv_high|wind_high|load_low|heat_low|renewable_high|ramp_mid|residual_low|surplus_high|high_surplus_day
9,train,0,-4.727807390644935,56629.90625,92289.765625,82009.125,40840.8203125,148919.6875,1.8158916766884172,1.212208008079979,-66910.546875,827.86865234375,-6494.94140625,15997.1259765625,1324.09716796875,68234.640625,1.1324048915748586,0.1546539164888762,0.35318327166201136,0.35337565623440964,6669.2333984375,4801.59228515625,5427.318359375,2653.390625,mid,high,low,low,high,mid,low,high,pv_mid|wind_high|load_low|heat_low|renewable_high|ramp_mid|residual_low|surplus_high|high_surplus_day
10,train,0,-3.653303863377842,63172.3125,103446.390625,80782.375,41987.1015625,166618.71875,2.062562765083349,1.3571672977295546,-85836.328125,1420.817626953125,-8330.21484375,18619.38671875,3135.245849609375,88971.578125,1.1349714185647823,0.1151021547542799,0.3501000066993091,0.3550696676260326,7666.35693359375,5070.041015625,5117.35791015625,2703.06494140625,high,high,low,mid,high,high,low,high,pv_high|wind_high|load_low|heat_mid|renewable_high|ramp_high|residual_low|surplus_high|high_surplus_day
11,train,0,-3.002858443325546,65256.25390625,81105.7421875,77308.9453125,41874.3203125,146362.0,1.8932091158192903,1.2280415311031632,-69053.0390625,2181.7998046875,-7918.2412109375,19278.546875,5870.0888671875,74923.125,1.1242259601874853,0.11153195179641695,0.33190111966676134,0.3608405714761295,7723.05029296875,4033.290771484375,4965.126953125,2757.38720703125,high,mid,low,mid,high,high,low,high,pv_high|wind_mid|load_low|heat_mid|renewable_high|ramp_high|residual_low|surplus_high|high_surplus_day
12,train,0,-6.191123461363893,65979.28125,83383.203125,59556.97265625,38181.421875,149362.5,2.5078927510652385,1.5281865506010963,-89805.515625,836.552978515625,-9077.150390625,19982.578125,1508.72119140625,91314.234375,1.13647911236027,0.08257194946175825,0.31586571866275087,0.3585623248860669,7955.30126953125,3973.32958984375,4187.3349609375,2725.744140625,high,mid,low,low,high,high,low,high,pv_high|wind_mid|load_low|heat_low|renewable_high|ramp_high|residual_low|surplus_high|high_net_ramp_day|high_surplus_day
13,train,0,-9.064835676825243,55375.875,77842.5546875,48082.40625,37754.640625,133218.4375,2.7706275099324924,1.5519923197497585,-85136.0234375,-638.6328125,-7282.82421875,14927.9775390625,0.0,85136.0234375,1.1332742884960432,0.17432974304317572,0.34013944171326665,0.37566462960796476,6709.0146484375,4318.24169921875,3425.55029296875,2801.02294921875,mid,mid,low,low,high,low,low,high,pv_mid|wind_mid|load_low|heat_low|renewable_high|ramp_low|residual_low|surplus_high|high_surplus_day
14,test,2,3.5844010977764063,50091.43359375,54817.65625,137657.46875,43638.609375,104909.09375,0.7621024467660785,0.5786616833358486,32748.380859375,5215.64697265625,-1417.75,14496.5498046875,38724.2890625,5975.90771484375,1.1414045144185314,0.3632997266547541,0.3437366663269638,0.3824172454389341,6062.36572265625,3656.74853515625,8061.45361328125,2619.09765625,mid,low,high,mid,low,low,high,low,pv_mid|wind_low|load_high|heat_mid|renewable_low|ramp_low|residual_high|surplus_low|high_residual_demand_day
15,train,2,3.3952418320152855,52884.18359375,60428.703125,138848.3125,43014.5234375,113312.890625,0.8160912335538828,0.6230678744278558,25535.44140625,6162.3408203125,-2115.341796875,15914.927734375,36595.45703125,11060.0166015625,1.1432885498040013,0.2013826051897668,0.3052461183523353,0.3736281523039645,6337.13232421875,3509.94775390625,7904.4755859375,2587.323974609375,mid,low,high,mid,low,mid,high,low,pv_mid|wind_low|load_high|heat_mid|renewable_low|ramp_mid|residual_high|surplus_low|high_residual_demand_day
16,train,2,2.4091714890918827,58869.7265625,81019.546875,134374.78125,44424.59375,139889.28125,1.0410382063412662,0.7823812653148257,-5514.50634765625,4369.10546875,-4065.2548828125,17322.01953125,21995.330078125,27509.8359375,1.1510923122945167,0.19391274911670012,0.3002952922736717,0.37797393240642635,7163.998046875,4857.0419921875,7573.01611328125,2646.2421875,high,mid,high,high,mid,mid,mid,mid,pv_high|wind_mid|load_high|heat_high|renewable_mid|ramp_mid|residual_mid|surplus_mid
17,validation,2,1.7694398914326297,59960.76953125,61626.99609375,118186.0,41864.828125,121587.765625,1.028783152192307,0.759682202519063,-3401.764892578125,5506.673828125,-4265.2265625,17772.388671875,26116.97265625,29518.73828125,1.1483286898965015,0.21268644289065494,0.2720125096032328,0.3510764854677848,7350.27783203125,3328.959716796875,7062.06884765625,2640.99169921875,high,low,mid,mid,mid,mid,mid,mid,pv_high|wind_low|load_mid|heat_mid|renewable_mid|ramp_mid|residual_mid|surplus_mid
18,train,2,3.541895772425282,63696.80859375,46662.01953125,118549.9453125,43685.421875,110358.828125,0.9309057700034525,0.6802390257942659,8191.1123046875,5118.4560546875,-3912.39208984375,17743.8515625,33130.375,24939.265625,1.149209516815478,0.4061849428822391,0.30503307561894977,0.3779709966680301,7575.623046875,3742.681640625,7072.6923828125,2730.08642578125,high,low,mid,high,low,mid,high,mid,pv_high|wind_low|load_mid|heat_high|renewable_low|ramp_mid|residual_high|surplus_mid
19,train,2,1.5423287261739658,65643.296875,44105.65625,98614.578125,39342.23046875,109748.953125,1.1129080021605577,0.7955312553524239,-11134.37890625,4952.7109375,-5916.708984375,21128.08203125,29276.935546875,40411.3125,1.1538238544723893,0.2763113438613542,0.2591482305044417,0.36370027056037635,7902.33984375,2965.4990234375,6338.7099609375,2826.992919921875,high,low,mid,low,mid,high,mid,high,pv_high|wind_low|load_mid|heat_low|renewable_mid|ramp_high|residual_mid|surplus_high|high_net_ramp_day
20,train,2,1.1164888918282916,66078.59375,32043.671875,91829.84375,38566.0234375,98122.2734375,1.068522709290791,0.752495271160758,-6292.42529296875,5008.3095703125,-5355.63671875,20006.58203125,32719.234375,39011.66015625,1.162728555272627,0.32867673159129046,0.29803342691350926,0.37141139516650146,8054.59423828125,2368.655517578125,6227.78271484375,2835.0,high,low,low,low,mid,high,high,high,pv_high|wind_low|load_low|heat_low|renewable_mid|ramp_high|residual_high|surplus_high|high_net_ramp_day
21,validation,1,1.0451758869699306,25683.421875,58140.328125,115633.34375,44538.1640625,83823.75,0.7249098510999341,0.5233374596068969,31809.58984375,4709.87939453125,-679.398193359375,12169.751953125,34498.48828125,2688.8974609375,1.4405419023101862,0.14683818765486284,0.40616354427418944,0.39439859401846905,4097.7216796875,3084.476318359375,7365.00341796875,2806.7890625,mid,low,mid,high,low,low,high,low,pv_mid|wind_low|load_mid|heat_high|renewable_low|ramp_low|residual_high|surplus_low|high_residual_demand_day
22,train,3,0.17791295046160532,22587.98046875,90882.4140625,119888.5625,44274.78125,113470.390625,0.9464655198030254,0.6912041874451647,6418.173828125,3338.60009765625,-1471.29345703125,14019.2802734375,17282.142578125,10863.96875,1.4558284975566107,0.19945787192322775,0.3978468808880109,0.3914646897918657,3625.024169921875,4937.4765625,7754.4931640625,2826.61865234375,low,high,mid,high,mid,low,mid,low,pv_low|wind_high|load_mid|heat_high|renewable_mid|ramp_low|residual_mid|surplus_low
23,validation,3,1.6701460203908232,22911.5234375,86152.6484375,121310.59375,43391.1171875,109064.171875,0.8990490319399661,0.6621921002167792,12246.4140625,4941.61767578125,-2295.78662109375,15385.8681640625,29522.240234375,17275.828125,1.4827346210284105,0.18216821639287814,0.38411117845611453,0.3889886088587594,3802.5390625,4806.45556640625,7713.85693359375,2774.094970703125,low,high,high,mid,low,low,mid,low,pv_low|wind_high|load_high|heat_mid|renewable_low|ramp_low|residual_mid|surplus_low
24,test,1,4.5866964914942345,20012.916015625,42050.625,122458.328125,44800.3125,62063.54296875,0.5068135742094919,0.3710632989532585,60394.78125,6075.75439453125,-295.82666015625,13750.3837890625,61006.63671875,611.8565673828125,1.464677917841197,0.21329002712080034,0.38166301899593186,0.39007631848652186,3274.066650390625,2670.587890625,7626.685546875,2777.78173828125,low,low,high,high,low,low,high,low,pv_low|wind_low|load_high|heat_high|renewable_low|ramp_low|residual_high|surplus_low|high_residual_demand_day
25,train,1,2.1160997541220845,24923.560546875,66288.9375,121905.2421875,44865.046875,91212.5,0.748224591192788,0.5469349517396145,30692.7421875,4247.35595703125,-900.60400390625,14729.689453125,32971.31640625,2278.572265625,1.4809347888175897,0.16779903040856003,0.3781820713080028,0.384409929845597,4092.31298828125,3401.092041015625,7569.8662109375,2789.644287109375,mid,mid,high,high,low,low,high,low,pv_mid|wind_mid|load_high|heat_high|renewable_low|ramp_low|residual_high|surplus_low
26,train,3,-1.1258953881327758,28778.30078125,69262.359375,96911.1796875,41840.2734375,98040.65625,1.0116547602262413,0.7065919242061992,-1129.481689453125,3335.352294921875,-3021.74267578125,15963.7353515625,16418.8046875,17548.28515625,1.4954160712620899,0.15587406794398415,0.3396391338489026,0.3774818933003541,4933.92919921875,3744.244140625,6359.97802734375,2835.0,mid,mid,mid,low,mid,mid,mid,mid,pv_mid|wind_mid|load_mid|heat_low|renewable_mid|ramp_mid|residual_mid|surplus_mid
27,train,3,-4.575942844448145,30165.83984375,72967.359375,78722.171875,40919.6015625,103133.203125,1.3100909269724084,0.8620166699457698,-24411.0234375,2422.76220703125,-3881.69140625,12506.775390625,11161.1484375,35572.171875,1.4910503958439663,0.0872906553040985,0.358085544141766,0.4022197799059679,5114.6982421875,3672.6591796875,5244.96923828125,2822.11376953125,mid,mid,low,low,high,low,low,high,pv_mid|wind_mid|load_low|heat_low|renewable_high|ramp_low|residual_low|surplus_high
