method,hour,electricity_cda_mwh,electricity_clearing_price,electricity_external_buy_mwh,electricity_external_sell_mwh,hydrogen_cda_mwh,hydrogen_clearing_price,hydrogen_external_buy_mwh,hydrogen_external_sell_mwh,minimum_voltage_pu,raw_voltage_cost
MAPPO,1,0.0,0.6,3.1062733764648436,1.248636474609375,1.9130526123046876,17.233333587646484,0.6409566955566406,0.0,0.9655415036161697,0.0
MAPPO,2,0.0,0.6,2.8382718505859375,1.0392734375,2.141205093383789,18.353775024414062,0.0,0.0,0.9667848158386139,0.0
MAPPO,3,0.0,0.6,2.771305969238281,0.950109375,2.1674539184570314,19.14550018310547,0.0,0.0,0.966915034885384,0.0
MAPPO,4,0.0,0.6,2.5147491149902343,0.9932451171875,2.1528914260864256,19.63079261779785,0.0,0.0,0.9692934305459427,0.0
MAPPO,5,0.0,0.6,2.374250549316406,1.068186279296875,2.1251043090820314,19.930438995361328,7.62939453125e-09,0.0,0.9708857607433475,0.0
MAPPO,6,0.0,0.6,2.392578125,1.0449765625,2.100948547363281,20.123876571655273,7.62939453125e-09,0.0,0.97049967631392,0.0
MAPPO,7,0.0,0.6,2.323804840087891,1.0575306396484374,2.0151029815673827,20.260456085205078,7.62939453125e-09,0.0,0.9705250017484679,0.0
MAPPO,8,0.0,0.6,1.6271665802001953,0.8276119384765624,1.8490879440307617,20.369375228881836,3.0517578125e-08,0.0,0.9726875178935768,0.0
MAPPO,9,0.6108764038085938,0.36548668146133423,0.2716575927734375,0.7891343994140625,0.01761212158203125,12.040410041809082,1.52587890625e-08,1.6512749633789063,0.979825172244488,0.0
MAPPO,10,0.4616365356445313,0.36472636461257935,0.0,2.7876051025390627,1.625101448059082,20.54256248474121,0.2044854736328125,0.0,0.9940170400339642,0.0
MAPPO,11,0.08552383422851563,0.5744008421897888,0.0,4.564833984375,1.6330666732788086,20.602888107299805,0.18656689453125,0.0,0.9985641107739621,0.0
MAPPO,12,0.16155885314941407,0.5726565718650818,0.0,5.827289581298828,1.7108892517089844,20.63726806640625,0.0543609619140625,0.0,0.9990109423560689,0.0
MAPPO,13,0.09941997528076171,0.5715544819831848,0.0,6.729477569580078,1.7696987915039062,20.658292770385742,3.0517578125e-08,0.0,0.9993239046279794,0.0
MAPPO,14,0.04152999496459961,0.5708848834037781,0.0,7.087825469970703,1.8454935607910157,20.662813186645508,3.0517578125e-08,0.0,0.9994602939308452,0.0
MAPPO,15,0.0,0.5708848834037781,0.0,6.915464813232422,1.8706680908203126,20.652145385742188,1.52587890625e-08,0.0,0.9994163972970044,0.0
MAPPO,16,0.0,0.5708848834037781,0.0,5.740754837036133,1.850040069580078,20.622434616088867,4.57763671875e-08,0.0,0.9990150878195834,0.0
MAPPO,17,0.0,0.5708848834037781,0.0,3.743965591430664,2.25756103515625,20.58871078491211,6.103515625e-08,0.0,0.9983213832048885,0.0
MAPPO,18,0.3348984031677246,0.36240383982658386,0.0,0.9728203735351563,2.274888427734375,20.540067672729492,6.103515625e-08,0.0,0.9837835796849295,0.0
MAPPO,19,0.0,0.36240383982658386,1.7211880950927734,0.0,2.006447021484375,20.50027084350586,0.0,0.24796920776367187,0.9659022012301991,0.0
MAPPO,20,0.0,0.36240383982658386,4.032871490478516,0.0,1.955158447265625,20.44619369506836,6.103515625e-08,0.2630787353515625,0.9492265392256728,0.003404309200235156
MAPPO,21,0.0,0.36240383982658386,6.024190002441406,0.0,2.1109755859375,20.38642692565918,0.8802136535644531,0.0,0.9333774453890008,0.3394173587261142
MAPPO,22,0.0,0.36240383982658386,6.4621666870117185,0.0,2.13024267578125,20.325777053833008,0.8334286193847656,0.0,0.9308844882755022,0.4133956524955331
MAPPO,23,0.0,0.36240383982658386,5.487416687011719,0.0,2.317904296875,20.281110763549805,3.0517578125e-08,0.0,0.9398341569208193,0.18696519898563324
MAPPO,24,0.0,0.36240383982658386,4.2026607666015625,0.0,1.86794140625,20.24575424194336,3.0517578125e-08,0.593311279296875,0.9500683399392149,0.0
Fixed-penalty MAPPO,1,1.146737548828125,0.226258784532547,1.512662109375,1.316270263671875,0.440690673828125,15.448716163635254,1.2813600463867187,0.6733521118164062,0.9758212209440926,0.0
Fixed-penalty MAPPO,2,0.0,0.226258784532547,2.1928723754882813,2.6172958984375,0.48401416015625,14.919293403625488,0.8153204345703124,0.6823043823242188,0.9807188406917381,0.0
Fixed-penalty MAPPO,3,0.0,0.226258784532547,2.0360394897460936,2.598271484375,0.5218271484375,14.679040908813477,0.65479931640625,0.6998609619140626,0.9820186729236662,0.0
Fixed-penalty MAPPO,4,0.38449853515625,0.22680208086967468,1.6594260864257813,2.25160009765625,0.5413457641601562,14.652448654174805,0.7215708923339844,0.7324658813476562,0.9824291901926613,0.0
Fixed-penalty MAPPO,5,0.291993408203125,0.2269376665353775,1.781198486328125,2.3981962890625,0.5560794067382813,14.769725799560547,0.7035036315917969,0.7499988403320312,0.9827318464909923,0.0
Fixed-penalty MAPPO,6,0.19011111450195312,0.22708292305469513,1.9281253662109374,2.457915283203125,0.5660513305664062,14.97006893157959,0.8288532104492188,0.759509765625,0.9821485690205176,0.0
Fixed-penalty MAPPO,7,0.7548543853759766,0.2273251712322235,1.3518441162109376,1.9028712158203125,0.533321044921875,15.208739280700684,1.1663200073242188,0.72570556640625,0.9818076928540261,0.0
Fixed-penalty MAPPO,8,0.7029267883300782,0.4798407554626465,0.6661236572265625,1.782538330078125,0.3976167907714844,15.452120780944824,1.8818017578125,0.654024658203125,0.9844945157133026,0.0
Fixed-penalty MAPPO,9,0.7367401733398438,0.4147976338863373,0.0,2.622830810546875,0.2821180419921875,15.624601364135742,2.7687590942382814,0.5197243041992188,0.9925901357811887,0.0
Fixed-penalty MAPPO,10,0.5112574462890624,0.41668403148651123,0.0,4.732786743164063,0.21598980712890625,15.829222679138184,3.02542578125,0.4436555480957031,0.9986202627676566,0.0
Fixed-penalty MAPPO,11,0.28208792114257814,0.6760137677192688,0.0,6.443498291015625,0.20903485107421876,16.007280349731445,2.9786783447265623,0.386458984375,0.9992083330202042,0.0
Fixed-penalty MAPPO,12,0.1944744415283203,0.6867116093635559,0.0,7.952327911376953,0.2401454772949219,16.077239990234375,2.9212952880859375,0.338307373046875,0.9997241046438874,0.0
Fixed-penalty MAPPO,13,0.28391845703125,0.7001450061798096,0.0,8.813388092041016,0.2575057373046875,16.13275909423828,2.8880795288085936,0.2874158935546875,1.0,0.0
Fixed-penalty MAPPO,14,0.437818115234375,0.716468870639801,0.0,9.098358184814453,0.2709039306640625,16.143529891967773,2.785441345214844,0.2619637451171875,1.0,0.0
Fixed-penalty MAPPO,15,0.0,0.716468870639801,0.4873651123046875,9.352659271240235,0.25469729614257813,16.086984634399414,2.4067049865722656,0.21755734252929687,1.0,0.0
Fixed-penalty MAPPO,16,0.0,0.716468870639801,0.6316935424804687,8.313649719238281,0.20520376586914063,15.953052520751953,2.122524169921875,0.18609060668945313,0.9996676047371872,0.0
Fixed-penalty MAPPO,17,0.010754974365234374,0.47286689281463623,0.7381196899414062,6.493560791015625,0.19098675537109375,15.790833473205566,1.844674545288086,0.152743896484375,0.9990184528649949,0.0
Fixed-penalty MAPPO,18,0.31300653076171875,0.478853702545166,0.6007001953125,3.940943359375,0.20399029541015626,15.624981880187988,1.8158157348632813,0.12514614868164062,0.9967768536664553,0.0
Fixed-penalty MAPPO,19,0.0,0.478853702545166,0.900289794921875,1.9701370849609374,0.1752174072265625,15.414575576782227,1.7636097259521484,0.0883043212890625,0.9831142872918125,0.0
Fixed-penalty MAPPO,20,0.0,0.478853702545166,2.730622802734375,1.7213741455078124,0.16241036987304688,15.172956466674805,2.0041290283203126,0.03958526611328125,0.9686508977712829,0.0
Fixed-penalty MAPPO,21,0.0,0.478853702545166,3.9673279418945313,1.0353651123046874,0.12434207153320312,14.937567710876465,2.977267395019531,0.0,0.9539649695077177,0.0
Fixed-penalty MAPPO,22,0.0,0.478853702545166,3.8641829223632813,0.7657783203125,0.12048587036132813,14.70883560180664,2.9086666259765623,0.003211639404296875,0.953348312534135,0.0
Fixed-penalty MAPPO,23,0.0,0.478853702545166,2.963632141113281,0.896758544921875,0.24085238647460938,14.528553009033203,1.9891743774414063,0.10317971801757812,0.9622862381196882,0.0
Fixed-penalty MAPPO,24,0.0,0.478853702545166,2.298694763183594,1.40022265625,0.34195370483398435,14.38644790649414,1.1906756744384766,0.2058394317626953,0.9712788488264905,0.0
SGR-MACPO,1,2.171122314453125,0.2010444849729538,0.206603515625,0.0,0.3963341064453125,13.796985626220703,0.6082022705078125,0.6279443359375,0.9761908617658805,0.0
SGR-MACPO,2,1.416392547607422,0.1821082979440689,0.0,0.958363037109375,0.32830963134765623,11.12883186340332,0.2990731201171875,0.4335644836425781,0.9843585984326142,0.0
SGR-MACPO,3,1.14691552734375,0.16755078732967377,0.0,1.4527544097900391,0.19591488647460936,8.15810775756836,3.814697265625e-09,0.013921798706054688,0.9874721093194455,0.0
SGR-MACPO,4,1.0255716705322266,0.16000722348690033,0.0,1.7635621337890626,0.039157386779785155,27.554140090942383,0.63620703125,0.0,0.9898334415851411,0.0
SGR-MACPO,5,0.8927875061035156,0.15633563697338104,0.0,2.0005279541015626,0.0,27.554140090942383,1.1149846267700196,0.0,0.9916378762469659,0.0
SGR-MACPO,6,1.000839111328125,0.15493467450141907,0.0,2.78024755859375,0.0,27.554140090942383,1.4510477409362792,0.0,0.9958941609674564,0.0
SGR-MACPO,7,1.049486099243164,0.15440534055233002,0.0,2.817703369140625,0.0,27.554140090942383,1.6662148475646972,0.0,0.9954329606984336,0.0
SGR-MACPO,8,0.8170826416015625,0.3573942482471466,0.0,3.41310595703125,5.7220458984375e-09,3.8222758769989014,0.4778669052124023,0.0,0.9982328932441403,0.0
SGR-MACPO,9,0.8633692932128906,0.35826942324638367,0.0,4.90067578125,9.5367431640625e-09,3.716947317123413,0.21968298721313476,0.0,0.9987049137669624,0.0
SGR-MACPO,10,0.5595904846191406,0.35940879583358765,0.0,7.057516845703125,3.814697265625e-09,3.665192127227783,0.24908081436157226,0.0,0.9994117791773165,0.0
SGR-MACPO,11,0.2934904556274414,0.5692090392112732,0.0,8.7155888671875,2.288818359375e-08,28.94952964782715,0.6479229431152344,0.0,0.9999612933712702,0.0
SGR-MACPO,12,0.08982841110229492,0.5679091215133667,0.0,10.00455712890625,8.58306884765625e-09,3.7096657752990723,2.0076456565856935,0.0,1.0,0.0
SGR-MACPO,13,0.0,0.5679091215133667,0.0,10.901325714111328,0.0,3.7096657752990723,2.061736764907837,0.0,1.0,0.0
SGR-MACPO,14,0.0,0.5679091215133667,0.0,11.23576544189453,0.0,3.7096657752990723,1.8855992031097413,0.0,1.0,0.0
SGR-MACPO,15,0.0,0.5679091215133667,0.0,11.046746490478515,0.0,3.7096657752990723,1.897653890609741,0.0,1.0,0.0
SGR-MACPO,16,0.10603729248046875,0.3603717088699341,0.0,9.864527648925781,2.86102294921875e-09,3.807530403137207,1.705518238067627,0.0,1.0,0.0
SGR-MACPO,17,0.2904328308105469,0.36031943559646606,0.0,7.871123596191406,3.814697265625e-08,29.16307830810547,1.5302041625976563,0.0,0.9997291941790809,0.0
SGR-MACPO,18,0.6044595336914063,0.35952693223953247,0.0,5.07211587524414,3.719329833984375e-08,29.484031677246094,1.5215426330566406,0.0,0.998780554549376,0.0
SGR-MACPO,19,1.106143325805664,0.5667966604232788,0.0,2.039597839355469,2.86102294921875e-09,4.130427360534668,1.419965950012207,0.0,0.9887198121691186,0.0
SGR-MACPO,20,2.177672119140625,0.5671700239181519,0.2436390686035156,0.0,1.52587890625e-08,29.200759887695312,1.963201693534851,0.0,0.9730964776146108,0.0
SGR-MACPO,21,1.468943603515625,0.5665842294692993,2.272476806640625,0.0,0.0,29.200759887695312,3.2843294897079467,0.0,0.95801902763838,0.0
SGR-MACPO,22,1.2221619873046874,0.3594633936882019,2.4441859741210936,0.0,0.0,29.200759887695312,6.323610809326172,0.0,0.9572422358159713,0.0
SGR-MACPO,23,1.394767578125,0.359948992729187,1.3812841796875,0.0,0.0,29.200759887695312,5.921103668212891,0.0,0.9661908908391427,0.0
SGR-MACPO,24,1.960883056640625,0.15628549456596375,0.10318401336669922,0.0,0.0,29.200759887695312,4.2702490234375,0.0,0.9757952979816723,0.0
